id,name,description,uri,code,alt_names,collection,vocabulary
role_tlp,Television producer,A producer responsible for most of the business aspects of a television program,http://id.loc.gov/vocabulary/relators/tlp,tlp,"",Other,MARC Code List for Relators Scheme
role_rsg,Restager,"A person or organization, other than the original choreographer or director, responsible for restaging a choreographic or dramatic work and who contributes minimal new content",http://id.loc.gov/vocabulary/relators/rsg,rsg,"","",MARC Code List for Relators Scheme
role_tyd,Type designer,A person or organization who designs the type face used in a particular item,http://id.loc.gov/vocabulary/relators/tyd,tyd,Designer of type,"",MARC Code List for Relators Scheme
role_tyg,Typographer,"A person or organization primarily responsible for choice and arrangement of type used in an item. If the typographer is also responsible for other aspects of the graphic design of a book (e.g., Book designer [bkd]), codes for both functions may be needed",http://id.loc.gov/vocabulary/relators/tyg,tyg,"","",MARC Code List for Relators Scheme
role_srv,Surveyor,"A person, family, or organization contributing to a cartographic resource by providing measurements or dimensional relationships for the geographic area represented",http://id.loc.gov/vocabulary/relators/srv,srv,"",Contributor,MARC Code List for Relators Scheme
role_sad,Scientific advisor,"A person or organization who brings scientific, pedagogical, or historical competence to the conception and realization on a work, particularly in the case of audio-visual items",http://id.loc.gov/vocabulary/relators/sad,sad,"","",MARC Code List for Relators Scheme
role_ptt,Plaintiff-appellant,"A plaintiff who takes an appeal from one court or jurisdiction to another to reverse the judgment, usually in a legal proceeding",http://id.loc.gov/vocabulary/relators/ptt,ptt,"","",MARC Code List for Relators Scheme
role_sgd,Stage director,A person or organization contributing to a stage resource through the overall management and supervision of a performance,http://id.loc.gov/vocabulary/relators/sgd,sgd,"",Contributor,MARC Code List for Relators Scheme
role_rce,Recording engineer,A person contributing to a resource by supervising the technical aspects of a sound or video recording session,http://id.loc.gov/vocabulary/relators/rce,rce,"",Contributor,MARC Code List for Relators Scheme
role_prp,Production place,"The place of production (e.g., inscription, fabrication, construction, etc.) of a resource in an unpublished form",http://id.loc.gov/vocabulary/relators/prp,prp,"","",MARC Code List for Relators Scheme
role_wac,Writer of added commentary,"A person, family, or organization contributing to an expression of a work by providing an interpretation or critical explanation of the original work",http://id.loc.gov/vocabulary/relators/wac,wac,"",Contributor,MARC Code List for Relators Scheme
role_prd,Production personnel,"A person or organization associated with the production (props, lighting, special effects, etc.) of a musical or dramatic presentation or entertainment",http://id.loc.gov/vocabulary/relators/prd,prd,"","",MARC Code List for Relators Scheme
role_rcd,Recordist,"A person or organization who uses a recording device to capture sounds and/or video during a recording session, including field recordings of natural sounds, folkloric events, music, etc.",http://id.loc.gov/vocabulary/relators/rcd,rcd,"",Contributor,MARC Code List for Relators Scheme
role_tld,Television director,A director responsible for the general management and supervision of a television program,http://id.loc.gov/vocabulary/relators/tld,tld,"",Other,MARC Code List for Relators Scheme
role_pth,Patent holder,A person or organization that was granted the patent referred to by the item,http://id.loc.gov/vocabulary/relators/pth,pth,Patentee,"",MARC Code List for Relators Scheme
role_prv,Provider,"A person or organization who produces, publishes, manufactures, or distributes a resource if specific codes are not desired (e.g. [mfr], [pbl])",http://id.loc.gov/vocabulary/relators/prv,prv,"","",MARC Code List for Relators Scheme
role_sgn,Signer,"A person whose signature appears without a presentation or other statement indicative of provenance. When there is a presentation statement, use Inscriber [ins].",http://id.loc.gov/vocabulary/relators/sgn,sgn,"","",MARC Code List for Relators Scheme
role_sds,Sound designer,"A person who produces and reproduces the sound score (both live and recorded), the installation of microphones, the setting of sound levels, and the coordination of sources of sound for a production",http://id.loc.gov/vocabulary/relators/sds,sds,"","",MARC Code List for Relators Scheme
role_std,Set designer,"A person who translates the rough sketches of the art director into actual architectural structures for a theatrical presentation, entertainment, motion picture, etc. Set designers draw the detailed guides and specifications for building the set",http://id.loc.gov/vocabulary/relators/std,std,"","",MARC Code List for Relators Scheme
role_rtm,Research team member,A person who participated in a research project but whose role did not involve direction or management of it,http://id.loc.gov/vocabulary/relators/rtm,rtm,"","",MARC Code List for Relators Scheme
role_prg,Programmer,"A person, family, or organization responsible for creating a computer program",http://id.loc.gov/vocabulary/relators/prg,prg,"",Creator,MARC Code List for Relators Scheme
role_rsp,Respondent,A person or organization who makes an answer to the courts pursuant to an application for redress (usually in an equity proceeding) or a candidate for a degree who defends or opposes a thesis provided by the praeses in an academic disputation,http://id.loc.gov/vocabulary/relators/rsp,rsp,"",Creator,MARC Code List for Relators Scheme
role_ppm,Papermaker,"A person or organization responsible for the production of paper, usually from wood, cloth, or other fibrous material",http://id.loc.gov/vocabulary/relators/ppm,ppm,"","",MARC Code List for Relators Scheme
role_len,Lender,"A person or organization permitting the temporary use of a book, manuscript, etc., such as for photocopying or microfilming",http://id.loc.gov/vocabulary/relators/len,len,"","",MARC Code List for Relators Scheme
role_adi,Art director,A person contributing to a motion picture or television production by overseeing the artists and craftspeople who build the sets,http://id.loc.gov/vocabulary/relators/adi,adi,"",Contributor,MARC Code List for Relators Scheme
role_lsa,Landscape architect,An architect responsible for creating landscape works. This work involves coordinating the arrangement of existing and proposed land features and structures,http://id.loc.gov/vocabulary/relators/lsa,lsa,"",Creator,MARC Code List for Relators Scheme
role_win,Writer of introduction,"A person, family, or organization contributing to a resource by providing an introduction to the original work",http://id.loc.gov/vocabulary/relators/win,win,"",Contributor,MARC Code List for Relators Scheme
role_con,Conservator,"A person or organization responsible for documenting, preserving, or treating printed or manuscript material, works of art, artifacts, or other media",http://id.loc.gov/vocabulary/relators/con,con,Preservationist,"",MARC Code List for Relators Scheme
role_cns,Censor,"A person or organization who examines bibliographic resources for the purpose of suppressing parts deemed objectionable on moral, political, military, or other grounds",http://id.loc.gov/vocabulary/relators/cns,cns,Bowdlerizer|Expurgator,"",MARC Code List for Relators Scheme
role_col,Collector,"A curator who brings together items from various sources that are then arranged, described, and cataloged as a collection. A collector is neither the creator of the material nor a person to whom manuscripts in the collection may have been addressed",http://id.loc.gov/vocabulary/relators/col,col,"",Other,MARC Code List for Relators Scheme
role_fpy,First party,"A person or organization who is identified as the only party or the party of the first party. In the case of transfer of rights, this is the assignor, transferor, licensor, grantor, etc. Multiple parties can be named jointly as the first party",http://id.loc.gov/vocabulary/relators/fpy,fpy,"","",MARC Code List for Relators Scheme
role_prn,Production company,"An organization that is responsible for financial, technical, and organizational management of a production for stage, screen, audio recording, television, webcast, etc.",http://id.loc.gov/vocabulary/relators/prn,prn,"",Other,MARC Code List for Relators Scheme
role_pra,Praeses,"A person who is the faculty moderator of an academic disputation, normally proposing a thesis and participating in the ensuing disputation",http://id.loc.gov/vocabulary/relators/pra,pra,"",Creator,MARC Code List for Relators Scheme
role_cst,Costume designer,"A person, family, or organization that designs the costumes for a moving image production or for a musical or dramatic presentation or entertainment",http://id.loc.gov/vocabulary/relators/cst,cst,"",Contributor,MARC Code List for Relators Scheme
role_dto,Dedicator,"A person who writes a dedication, which may be a formal statement or in epistolary or verse form",http://id.loc.gov/vocabulary/relators/dto,dto,"",Other,MARC Code List for Relators Scheme
role_stm,Stage manager,"A person who is in charge of everything that occurs on a performance stage, and who acts as chief of all crews and assistant to a director during rehearsals",http://id.loc.gov/vocabulary/relators/stm,stm,"","",MARC Code List for Relators Scheme
role_ths,Thesis advisor,"A person under whose supervision a degree candidate develops and presents a thesis, mémoire, or text of a dissertation",http://id.loc.gov/vocabulary/relators/ths,ths,Promoter,"",MARC Code List for Relators Scheme
role_act,Actor,"A performer contributing to an expression of a work by acting as a cast member or player in a musical or dramatic presentation, etc.",http://id.loc.gov/vocabulary/relators/act,act,"",Contributor,MARC Code List for Relators Scheme
role_ivr,Interviewer,"A person, family, or organization responsible for creating or contributing to a resource by acting as an interviewer, reporter, pollster, or some other information gathering agent",http://id.loc.gov/vocabulary/relators/ivr,ivr,"",Creator,MARC Code List for Relators Scheme
role_aut,Author,"A person, family, or organization responsible for creating a work that is primarily textual in content, regardless of media type (e.g., printed text, spoken word, electronic text, tactile text) or genre (e.g., poems, novels, screenplays, blogs). Use also for persons, etc., creating a new work by paraphrasing, rewriting, or adapting works by another creator such that the modification has substantially changed the nature and content of the original or changed the medium of expression",http://id.loc.gov/vocabulary/relators/aut,aut,Joint author,Creator,MARC Code List for Relators Scheme
role_rst,Respondent-appellant,"A respondent who takes an appeal from one court or jurisdiction to another to reverse the judgment, usually in an equity proceeding",http://id.loc.gov/vocabulary/relators/rst,rst,"","",MARC Code List for Relators Scheme
role_cpt,Complainant-appellant,"A complainant who takes an appeal from one court or jurisdiction to another to reverse the judgment, usually in an equity proceeding",http://id.loc.gov/vocabulary/relators/cpt,cpt,"","",MARC Code List for Relators Scheme
role_cou,Court governed,"A court governed by court rules, regardless of their official nature (e.g., laws, administrative regulations)",http://id.loc.gov/vocabulary/relators/cou,cou,"",Other,MARC Code List for Relators Scheme
role_dnr,Donor,A former owner of an item who donated that item to another owner,http://id.loc.gov/vocabulary/relators/dnr,dnr,"",Owner,MARC Code List for Relators Scheme
role_dft,Defendant-appellant,"A defendant who takes an appeal from one court or jurisdiction to another to reverse the judgment, usually in a legal action",http://id.loc.gov/vocabulary/relators/dft,dft,"","",MARC Code List for Relators Scheme
role_dfe,Defendant-appellee,"A defendant against whom an appeal is taken from one court or jurisdiction to another to reverse the judgment, usually in a legal action",http://id.loc.gov/vocabulary/relators/dfe,dfe,"","",MARC Code List for Relators Scheme
role_etr,Etcher,"A person or organization who produces text or images for printing by subjecting metal, glass, or some other surface to acid or the corrosive action of some other substance",http://id.loc.gov/vocabulary/relators/etr,etr,"","",MARC Code List for Relators Scheme
role_ilu,Illuminator,"A person providing decoration to a specific item using precious metals or color, often with elaborate designs and motifs",http://id.loc.gov/vocabulary/relators/ilu,ilu,"",Other,MARC Code List for Relators Scheme
role_ldr,Laboratory director,A person or organization that manages or supervises work done in a controlled setting or environment,http://id.loc.gov/vocabulary/relators/ldr,ldr,Lab director,"",MARC Code List for Relators Scheme
role_dgg,Degree granting institution,A organization granting an academic degree,http://id.loc.gov/vocabulary/relators/dgg,dgg,Degree grantor,Other,MARC Code List for Relators Scheme
role_stl,Storyteller,A performer contributing to a resource by relaying a creator's original story with dramatic or theatrical interpretation,http://id.loc.gov/vocabulary/relators/stl,stl,"",Contributor,MARC Code List for Relators Scheme
role_fmk,Filmmaker,"A person, family or organization responsible for creating an independent or personal film. A filmmaker is individually responsible for the conception and execution of all aspects of the film",http://id.loc.gov/vocabulary/relators/fmk,fmk,"",Creator,MARC Code List for Relators Scheme
role_sng,Singer,"A performer contributing to a resource by using his/her/their voice, with or without instrumental accompaniment, to produce music. A singer's performance may or may not include actual words",http://id.loc.gov/vocabulary/relators/sng,sng,Vocalist,Contributor,MARC Code List for Relators Scheme
role_dst,Distributor,A person or organization that has exclusive or shared marketing rights for a resource,http://id.loc.gov/vocabulary/relators/dst,dst,"","",MARC Code List for Relators Scheme
role_dgs,Degree supervisor,A person overseeing a higher level academic degree,http://id.loc.gov/vocabulary/relators/dgs,dgs,"",Other,MARC Code List for Relators Scheme
role_mtk,Minute taker,"A person, family, or organization responsible for recording the minutes of a meeting",http://id.loc.gov/vocabulary/relators/mtk,mtk,"",Contributor,MARC Code List for Relators Scheme
role_ccp,Conceptor,"A person or organization responsible for the original idea on which a work is based, this includes the scientific author of an audio-visual item and the conceptor of an advertisement",http://id.loc.gov/vocabulary/relators/ccp,ccp,"","",MARC Code List for Relators Scheme
role_cwt,Commentator for written text,"A person or organization responsible for the commentary or explanatory notes about a text. For the writer of manuscript annotations in a printed book, use Annotator",http://id.loc.gov/vocabulary/relators/cwt,cwt,"","",MARC Code List for Relators Scheme
role_bkd,Book designer,"A person or organization involved in manufacturing a manifestation by being responsible for the entire graphic design of a book, including arrangement of type and illustration, choice of materials, and process used",http://id.loc.gov/vocabulary/relators/bkd,bkd,Designer of book|Designer of e-book,"",MARC Code List for Relators Scheme
role_str,Stereotyper,A person or organization who creates a new plate for printing by molding or copying another printing surface,http://id.loc.gov/vocabulary/relators/str,str,"","",MARC Code List for Relators Scheme
role_rdd,Radio director,A director responsible for the general management and supervision of a radio program,http://id.loc.gov/vocabulary/relators/rdd,rdd,"",Other,MARC Code List for Relators Scheme
role_pro,Producer,"A person, family, or organization responsible for most of the business aspects of a production for screen, audio recording, television, webcast, etc. The producer is generally responsible for fund raising, managing the production, hiring key personnel, arranging for distributors, etc.",http://id.loc.gov/vocabulary/relators/pro,pro,"","",MARC Code List for Relators Scheme
role_wdc,Woodcutter,A person or organization who makes prints by cutting the image in relief on the plank side of a wood block,http://id.loc.gov/vocabulary/relators/wdc,wdc,"","",MARC Code List for Relators Scheme
role_lso,Licensor,"A person or organization who is a signer of the license, imprimatur, etc",http://id.loc.gov/vocabulary/relators/lso,lso,Imprimatur,"",MARC Code List for Relators Scheme
role_asn,Associated name,"A person or organization associated with or found in an item or collection, which cannot be determined to be that of a Former owner [fmo] or other designated relationship indicative of provenance",http://id.loc.gov/vocabulary/relators/asn,asn,"","",MARC Code List for Relators Scheme
role_tch,Teacher,A performer contributing to a resource by giving instruction or providing a demonstration,http://id.loc.gov/vocabulary/relators/tch,tch,Instructor,Contributor,MARC Code List for Relators Scheme
role_edc,Editor of compilation,"A person, family, or organization contributing to a collective or aggregate work by selecting and putting together works, or parts of works, by one or more creators. For compilations of data, information, etc., that result in new works, see compiler",http://id.loc.gov/vocabulary/relators/edc,edc,"",Contributor,MARC Code List for Relators Scheme
role_ard,Artistic director,"A person responsible for controlling the development of the artistic style of an entire production, including the choice of works to be presented and selection of senior production staff",http://id.loc.gov/vocabulary/relators/ard,ard,"","",MARC Code List for Relators Scheme
role_evp,Event place,A place where an event such as a conference or a concert took place,http://id.loc.gov/vocabulary/relators/evp,evp,"","",MARC Code List for Relators Scheme
role_brl,Braille embosser,"A person, family, or organization involved in manufacturing a resource by embossing Braille cells using a stylus, special embossing printer, or other device",http://id.loc.gov/vocabulary/relators/brl,brl,"","",MARC Code List for Relators Scheme
role_clr,Colorist,"A person or organization responsible for applying color to drawings, prints, photographs, maps, moving images, etc",http://id.loc.gov/vocabulary/relators/clr,clr,"","",MARC Code List for Relators Scheme
role_ape,Appellee,A person or organization against whom an appeal is taken,http://id.loc.gov/vocabulary/relators/ape,ape,"",Other,MARC Code List for Relators Scheme
role_bnd,Binder,A person who binds an item,http://id.loc.gov/vocabulary/relators/bnd,bnd,"",Other,MARC Code List for Relators Scheme
role_vac,Voice actor,"An actor contributing to a resource by providing the voice for characters in radio and audio productions and for animated characters in moving image works, as well as by providing voice overs in radio and television commercials, dubbed resources, etc.",http://id.loc.gov/vocabulary/relators/vac,vac,"",Contributor,MARC Code List for Relators Scheme
role_fmp,Film producer,A producer responsible for most of the business aspects of a film,http://id.loc.gov/vocabulary/relators/fmp,fmp,"",Other,MARC Code List for Relators Scheme
role_fmo,Former owner,"A person, family, or organization formerly having legal possession of an item",http://id.loc.gov/vocabulary/relators/fmo,fmo,"",Owner,MARC Code List for Relators Scheme
role_app,Applicant,"A  person or organization responsible for the submission of an application or who is named as eligible for the results of the processing of the application (e.g., bestowing of rights, reward, title, position)",http://id.loc.gov/vocabulary/relators/app,app,"","",MARC Code List for Relators Scheme
role_exp,Expert,"A person or organization in charge of the description and appraisal of the value of goods, particularly rare items, works of art, etc.",http://id.loc.gov/vocabulary/relators/exp,exp,Appraiser,"",MARC Code List for Relators Scheme
role_bsl,Bookseller,A person or organization who makes books and other bibliographic materials available for purchase. Interest in the materials is primarily lucrative,http://id.loc.gov/vocabulary/relators/bsl,bsl,"","",MARC Code List for Relators Scheme
role_lil,Libelant,A person or organization who files a libel in an ecclesiastical or admiralty case,http://id.loc.gov/vocabulary/relators/lil,lil,"","",MARC Code List for Relators Scheme
role_mdc,Metadata contact,"A person or organization primarily responsible for compiling and maintaining the original description of a metadata set (e.g., geospatial metadata set)",http://id.loc.gov/vocabulary/relators/mdc,mdc,"","",MARC Code List for Relators Scheme
role_chr,Choreographer,A person responsible for creating or contributing to a work of movement,http://id.loc.gov/vocabulary/relators/chr,chr,"",Creator,MARC Code List for Relators Scheme
role_ctb,Contributor,"A person, family or organization responsible for making contributions to the resource. This includes those whose work has been contributed to a larger work, such as an anthology, serial publication, or other compilation of individual works. If a more specific role is available, prefer that, e.g. editor, compiler, illustrator",http://id.loc.gov/vocabulary/relators/ctb,ctb,Collaborator,Contributor,MARC Code List for Relators Scheme
role_itr,Instrumentalist,A performer contributing to a resource by playing a musical instrument,http://id.loc.gov/vocabulary/relators/itr,itr,"",Contributor,MARC Code List for Relators Scheme
role_asg,Assignee,A person or organization to whom a license for printing or publishing has been transferred,http://id.loc.gov/vocabulary/relators/asg,asg,"","",MARC Code List for Relators Scheme
role_dis,Dissertant,A person who presents a thesis for a university or higher-level educational degree,http://id.loc.gov/vocabulary/relators/dis,dis,"","",MARC Code List for Relators Scheme
role_hnr,Honoree,"A person, family, or organization honored by a work or item (e.g., the honoree of a festschrift, a person to whom a copy is presented)",http://id.loc.gov/vocabulary/relators/hnr,hnr,Honouree|Honouree of item,Other,MARC Code List for Relators Scheme
role_cre,Creator,A person or organization responsible for the intellectual or artistic content of a resource,http://id.loc.gov/vocabulary/relators/cre,cre,"",Creator,MARC Code List for Relators Scheme
role_cot,Contestant-appellant,A contestant who takes an appeal from one court of law or jurisdiction to another to reverse the judgment,http://id.loc.gov/vocabulary/relators/cot,cot,"","",MARC Code List for Relators Scheme
role_nrt,Narrator,"A performer contributing to a resource by reading or speaking in order to give an account of an act, occurrence, course of events, etc",http://id.loc.gov/vocabulary/relators/nrt,nrt,"",Contributor,MARC Code List for Relators Scheme
role_drm,Draftsman,"A person, family, or organization contributing to a resource by an architect, inventor, etc., by making detailed plans or drawings for buildings, ships, aircraft, machines, objects, etc",http://id.loc.gov/vocabulary/relators/drm,drm,Technical draftsman,Contributor,MARC Code List for Relators Scheme
role_trl,Translator,"A person or organization who renders a text from one language into another, or from an older form of a language into the modern form",http://id.loc.gov/vocabulary/relators/trl,trl,"",Contributor,MARC Code List for Relators Scheme
role_pdr,Project director,"A person or organization with primary responsibility for all essential aspects of a project, has overall responsibility for managing projects, or provides overall direction to a project manager",http://id.loc.gov/vocabulary/relators/pdr,pdr,"","",MARC Code List for Relators Scheme
role_pbl,Publisher,"A person or organization responsible for publishing, releasing, or issuing a resource",http://id.loc.gov/vocabulary/relators/pbl,pbl,"","",MARC Code List for Relators Scheme
role_dnc,Dancer,"A performer who dances in a musical, dramatic, etc., presentation",http://id.loc.gov/vocabulary/relators/dnc,dnc,"",Contributor,MARC Code List for Relators Scheme
role_dtc,Data contributor,A person or organization that submits data for inclusion in a database or other collection of data,http://id.loc.gov/vocabulary/relators/dtc,dtc,"","",MARC Code List for Relators Scheme
role_stg,Setting,"An entity in which the activity or plot of a work takes place, e.g. a geographic place, a time period, a building, an event",http://id.loc.gov/vocabulary/relators/stg,stg,"","",MARC Code List for Relators Scheme
role_drt,Director,"A person responsible for the general management and supervision of a filmed performance, a radio or television program, etc.",http://id.loc.gov/vocabulary/relators/drt,drt,"",Other,MARC Code List for Relators Scheme
role_ctt,Contestee-appellant,A contestee who takes an appeal from one court or jurisdiction to another to reverse the judgment,http://id.loc.gov/vocabulary/relators/ctt,ctt,"","",MARC Code List for Relators Scheme
role_cnd,Conductor,"A performer contributing to a musical resource by leading a performing group (orchestra, chorus, opera, etc.) in a musical or dramatic presentation, etc.",http://id.loc.gov/vocabulary/relators/cnd,cnd,"",Contributor,MARC Code List for Relators Scheme
role_cor,Collection registrar,A curator who lists or inventories the items in an aggregate work such as a collection of items or works,http://id.loc.gov/vocabulary/relators/cor,cor,"",Other,MARC Code List for Relators Scheme
role_rpt,Reporter,A person or organization who writes or presents reports of news or current events on air or in print,http://id.loc.gov/vocabulary/relators/rpt,rpt,"","",MARC Code List for Relators Scheme
role_edt,Editor,"A person, family, or organization contributing to a resource by revising or elucidating the content, e.g., adding an introduction, notes, or other critical matter. An editor may also prepare a resource for production, publication, or distribution. For major revisions, adaptations, etc., that substantially change the nature and content of the original work, resulting in a new work, see author",http://id.loc.gov/vocabulary/relators/edt,edt,"",Contributor,MARC Code List for Relators Scheme
role_trc,Transcriber,"A person, family, or organization contributing to a resource by changing it from one system of notation to another. For a work transcribed for a different instrument or performing group, see Arranger [arr]. For makers of pen-facsimiles, use Facsimilist [fac]",http://id.loc.gov/vocabulary/relators/trc,trc,"",Contributor,MARC Code List for Relators Scheme
role_med,Medium,A person held to be a channel of communication between the earthly world and a world,http://id.loc.gov/vocabulary/relators/med,med,"",Other,MARC Code List for Relators Scheme
role_sht,Supporting host,"A person or organization that supports (by allocating facilities, staff, or other resources) a project, program, meeting, event, data objects, material culture objects, or other entities capable of support",http://id.loc.gov/vocabulary/relators/sht,sht,"Host, supporting","",MARC Code List for Relators Scheme
role_apl,Appellant,A person or organization who appeals a lower court's decision,http://id.loc.gov/vocabulary/relators/apl,apl,"",Other,MARC Code List for Relators Scheme
role_dln,Delineator,A person or organization executing technical drawings from others' designs,http://id.loc.gov/vocabulary/relators/dln,dln,"","",MARC Code List for Relators Scheme
role_wit,Witness,"voice for characters in radio and audio productions and for animated characters in moving image works, as well as by providing voice overs in radio and television commercials, dubbed resources, etc.",http://id.loc.gov/vocabulary/relators/wit,wit,Deponent|Eyewitness|Observer|Onlooker|Testifier,"",MARC Code List for Relators Scheme
role_pbd,Publishing director,"A person or organization who presides over the elaboration of a collective work to ensure its coherence or continuity. This includes editors-in-chief, literary editors, editors of series, etc.",http://id.loc.gov/vocabulary/relators/pbd,pbd,"","",MARC Code List for Relators Scheme
role_mcp,Music copyist,A person who transcribes or copies musical notation,http://id.loc.gov/vocabulary/relators/mcp,mcp,"","",MARC Code List for Relators Scheme
role_frg,Forger,"A person or organization who makes or imitates something of value or importance, especially with the intent to defraud",http://id.loc.gov/vocabulary/relators/frg,frg,Copier|Counterfeiter,"",MARC Code List for Relators Scheme
role_dpc,Depicted,"An entity depicted or portrayed in a work, particularly in a work of art",http://id.loc.gov/vocabulary/relators/dpc,dpc,"","",MARC Code List for Relators Scheme
role_rps,Repository,"An organization that hosts data or material culture objects and provides services to promote long term, consistent and shared use of those data or objects",http://id.loc.gov/vocabulary/relators/rps,rps,"","",MARC Code List for Relators Scheme
role_enj,Enacting jurisdiction,"A jurisdiction enacting a law, regulation, constitution, court rule, etc.",http://id.loc.gov/vocabulary/relators/enj,enj,"",Creator,MARC Code List for Relators Scheme
role_ann,Annotator,A person who makes manuscript annotations on an item,http://id.loc.gov/vocabulary/relators/ann,ann,"",Other,MARC Code List for Relators Scheme
role_uvp,University place,"A place where a university that is associated with a resource is located, for example, a university where an academic dissertation or thesis was presented",http://id.loc.gov/vocabulary/relators/uvp,uvp,"","",MARC Code List for Relators Scheme
role_att,Attributed name,"An author, artist, etc., relating him/her to a resource for which there is or once was substantial authority for designating that person as author, creator, etc. of the work indicative of provenance",http://id.loc.gov/vocabulary/relators/att,att,Supposed name,"",MARC Code List for Relators Scheme
role_aus,Screenwriter,"An author of a screenplay, script, or scene",http://id.loc.gov/vocabulary/relators/aus,aus,"Author of screenplay, etc.",Creator,MARC Code List for Relators Scheme
role_anm,Animator,"A person contributing to a moving image work or computer program by giving apparent movement to inanimate objects or drawings. For the creator of the drawings that are animated, see artist",http://id.loc.gov/vocabulary/relators/anm,anm,"",Contributor,MARC Code List for Relators Scheme
role_cov,Cover designer,"A person or organization responsible for the graphic design of a book cover, album cover, slipcase, box, container, etc. For a person or organization responsible for the graphic design of an entire book, use Book designer; for book jackets, use Bookjacket designer",http://id.loc.gov/vocabulary/relators/cov,cov,Designer of cover,"",MARC Code List for Relators Scheme
role_vdg,Videographer,"A person in charge of a video production, e.g. the video recording of a stage production as opposed to a commercial motion picture. The videographer may be the camera operator or may supervise one or more camera operators. Do not confuse with cinematographer",http://id.loc.gov/vocabulary/relators/vdg,vdg,"","",MARC Code List for Relators Scheme
role_jug,Jurisdiction governed,"A jurisdiction governed by a law, regulation, etc., that was enacted by another jurisdiction",http://id.loc.gov/vocabulary/relators/jug,jug,"",Other,MARC Code List for Relators Scheme
role_prf,Performer,"A person contributing to a resource by performing music, acting, dancing, speaking, etc., often in a musical or dramatic presentation, etc. If specific codes are used, [prf] is used for a person whose principal skill is not known or specified",http://id.loc.gov/vocabulary/relators/prf,prf,"",Contributor,MARC Code List for Relators Scheme
role_ltg,Lithographer,"A person or organization who prepares the stone or plate for lithographic printing, including a graphic artist creating a design directly on the surface from which printing will be done.",http://id.loc.gov/vocabulary/relators/ltg,ltg,"","",MARC Code List for Relators Scheme
role_pup,Publication place,The place where a resource is published,http://id.loc.gov/vocabulary/relators/pup,pup,"","",MARC Code List for Relators Scheme
role_gis,Geographic information specialist,A person responsible for geographic information system (GIS) development and integration with global positioning system data,http://id.loc.gov/vocabulary/relators/gis,gis,Geospatial information specialist,"",MARC Code List for Relators Scheme
role_ant,Bibliographic antecedent,"A person or organization responsible for a resource upon which the resource represented by the bibliographic description is based. This may be appropriate for adaptations, sequels, continuations, indexes, etc.",http://id.loc.gov/vocabulary/relators/ant,ant,"","",MARC Code List for Relators Scheme
role_hst,Host,"A performer contributing to a resource by leading a program (often broadcast) that includes other guests, performers, etc. (e.g., talk show host)",http://id.loc.gov/vocabulary/relators/hst,hst,"",Contributor,MARC Code List for Relators Scheme
role_rpy,Responsible party,A person or organization legally responsible for the content of the published material,http://id.loc.gov/vocabulary/relators/rpy,rpy,"","",MARC Code List for Relators Scheme
role_lbt,Librettist,"An author of a libretto of an opera or other stage work, or an oratorio",http://id.loc.gov/vocabulary/relators/lbt,lbt,"",Creator,MARC Code List for Relators Scheme
role_bjd,Bookjacket designer,"A person or organization responsible for the design of flexible covers designed for or published with a book, including the type of materials used, and any decorative aspects of the bookjacket",http://id.loc.gov/vocabulary/relators/bjd,bjd,Designer of bookjacket,"",MARC Code List for Relators Scheme
role_wde,Wood engraver,A person or organization who makes prints by cutting the image in relief on the end-grain of a wood block,http://id.loc.gov/vocabulary/relators/wde,wde,"","",MARC Code List for Relators Scheme
role_fnd,Funder,A person or organization that furnished financial support for the production of the work,http://id.loc.gov/vocabulary/relators/fnd,fnd,"","",MARC Code List for Relators Scheme
role_crt,Court reporter,"A person, family, or organization contributing to a resource by preparing a court's opinions for publication",http://id.loc.gov/vocabulary/relators/crt,crt,"",Contributor,MARC Code List for Relators Scheme
role_cur,Curator,"A person, family, or organization conceiving, aggregating, and/or organizing an exhibition, collection, or other item",http://id.loc.gov/vocabulary/relators/cur,cur,Curator of an exhibition,Other,MARC Code List for Relators Scheme
role_dpt,Depositor,"A current owner of an item who deposited the item into the custody of another person, family, or organization, while still retaining ownership",http://id.loc.gov/vocabulary/relators/dpt,dpt,"",Owner,MARC Code List for Relators Scheme
role_rse,Respondent-appellee,"A respondent against whom an appeal is taken from one court or jurisdiction to another to reverse the judgment, usually in an equity proceeding",http://id.loc.gov/vocabulary/relators/rse,rse,"","",MARC Code List for Relators Scheme
role_cmt,Compositor,"A person or organization responsible for the creation of metal slug, or molds made of other materials, used to produce the text and images in printed matter",http://id.loc.gov/vocabulary/relators/cmt,cmt,Typesetter,"",MARC Code List for Relators Scheme
role_pta,Patent applicant,A person or organization that applied for a patent,http://id.loc.gov/vocabulary/relators/pta,pta,"","",MARC Code List for Relators Scheme
role_wst,Writer of supplementary textual content,"A person, family, or organization contributing to a resource by providing supplementary textual content (e.g., an introduction, a preface) to the original work",http://id.loc.gov/vocabulary/relators/wst,wst,"",Contributor,MARC Code List for Relators Scheme
role_rth,Research team head,A person who directed or managed a research project,http://id.loc.gov/vocabulary/relators/rth,rth,"","",MARC Code List for Relators Scheme
role_csl,Consultant,"A person or organization relevant to a resource, who is called upon for professional advice or services in a specialized field of knowledge or training",http://id.loc.gov/vocabulary/relators/csl,csl,"",Other,MARC Code List for Relators Scheme
role_prs,Production designer,A person or organization responsible for designing the overall visual appearance of a moving image production,http://id.loc.gov/vocabulary/relators/prs,prs,"",Contributor,MARC Code List for Relators Scheme
role_plt,Platemaker,"A person, family, or organization involved in manufacturing a manifestation by preparing plates used in the production of printed images and/or text",http://id.loc.gov/vocabulary/relators/plt,plt,"","",MARC Code List for Relators Scheme
role_csp,Consultant to a project,"A person or organization relevant to a resource, who is engaged specifically to provide an intellectual overview of a strategic or operational task and by analysis, specification, or instruction, to create or propose a cost-effective course of action or solution",http://id.loc.gov/vocabulary/relators/csp,csp,"","",MARC Code List for Relators Scheme
role_pte,Plaintiff-appellee,"A plaintiff against whom an appeal is taken from one court or jurisdiction to another to reverse the judgment, usually in a legal proceeding",http://id.loc.gov/vocabulary/relators/pte,pte,"","",MARC Code List for Relators Scheme
role_pmn,Production manager,A person responsible for all technical and business matters in a production,http://id.loc.gov/vocabulary/relators/pmn,pmn,"","",MARC Code List for Relators Scheme
role_dtm,Data manager,A person or organization responsible for managing databases or other data sources,http://id.loc.gov/vocabulary/relators/dtm,dtm,"","",MARC Code List for Relators Scheme
role_ins,Inscriber,A person who has written a statement of dedication or gift,http://id.loc.gov/vocabulary/relators/ins,ins,"",Other,MARC Code List for Relators Scheme
role_msd,Musical director,"A person who coordinates the activities of the composer, the sound editor, and sound mixers for a moving image production or for a musical or dramatic presentation or entertainment",http://id.loc.gov/vocabulary/relators/msd,msd,"",Contributor,MARC Code List for Relators Scheme
role_cli,Client,A person or organization for whom another person or organization is acting,http://id.loc.gov/vocabulary/relators/cli,cli,"","",MARC Code List for Relators Scheme
role_lse,Licensee,A person or organization who is an original recipient of the right to print or publish,http://id.loc.gov/vocabulary/relators/lse,lse,"","",MARC Code List for Relators Scheme
role_clt,Collotyper,"A person, family, or organization involved in manufacturing a manifestation of photographic prints from film or other colloid that has ink-receptive and ink-repellent surfaces",http://id.loc.gov/vocabulary/relators/clt,clt,"","",MARC Code List for Relators Scheme
role_pan,Panelist,"A performer contributing to a resource by participating in a program (often broadcast) where topics are discussed, usually with participation of experts in fields related to the discussion",http://id.loc.gov/vocabulary/relators/pan,pan,"",Contributor,MARC Code List for Relators Scheme
role_rcp,Addressee,"A person, family, or organization to whom the correspondence in a work is addressed",http://id.loc.gov/vocabulary/relators/rcp,rcp,Recipient,Other,MARC Code List for Relators Scheme
role_res,Researcher,A person or organization responsible for performing research,http://id.loc.gov/vocabulary/relators/res,res,Performer of research,"",MARC Code List for Relators Scheme
role_cll,Calligrapher,"A person or organization who writes in an artistic hand, usually as a copyist and or engrosser",http://id.loc.gov/vocabulary/relators/cll,cll,"","",MARC Code List for Relators Scheme
role_fac,Facsimilist,A person or organization that executed the facsimile,http://id.loc.gov/vocabulary/relators/fac,fac,Copier,"",MARC Code List for Relators Scheme
role_eng,Engineer,"A person or organization that is responsible for technical planning and design, particularly with construction",http://id.loc.gov/vocabulary/relators/eng,eng,"","",MARC Code List for Relators Scheme
role_spy,Second party,"A person or organization who is identified as the party of the second part. In the case of transfer of right, this is the assignee, transferee, licensee, grantee, etc. Multiple parties can be named jointly as the second party",http://id.loc.gov/vocabulary/relators/spy,spy,"","",MARC Code List for Relators Scheme
role_mrk,Markup editor,"A person or organization performing the coding of SGML, HTML, or XML markup of metadata, text, etc.",http://id.loc.gov/vocabulary/relators/mrk,mrk,Encoder,"",MARC Code List for Relators Scheme
role_aud,Author of dialog,A person or organization responsible for the dialog or spoken commentary for a screenplay or sound recording,http://id.loc.gov/vocabulary/relators/aud,aud,"","",MARC Code List for Relators Scheme
role_brd,Broadcaster,"A person, family, or organization involved in broadcasting a resource to an audience via radio, television, webcast, etc.",http://id.loc.gov/vocabulary/relators/brd,brd,"",Publisher,MARC Code List for Relators Scheme
role_isb,Issuing body,"A person, family or organization issuing a work, such as an official organ of the body",http://id.loc.gov/vocabulary/relators/isb,isb,"",Other,MARC Code List for Relators Scheme
role_ctr,Contractor,"A person or organization relevant to a resource, who enters into a contract with another person or organization to perform a specific",http://id.loc.gov/vocabulary/relators/ctr,ctr,"","",MARC Code List for Relators Scheme
role_edm,Editor of moving image work,"A person, family, or organization responsible for assembling, arranging, and trimming film, video, or other moving image formats, including both visual and audio aspects",http://id.loc.gov/vocabulary/relators/edm,edm,Moving image work editor,Contributor,MARC Code List for Relators Scheme
role_mus,Musician,A person or organization who performs music or contributes to the musical content of a work when it is not possible or desirable to identify the function more precisely,http://id.loc.gov/vocabulary/relators/mus,mus,"","",MARC Code List for Relators Scheme
role_spn,Sponsor,"A person, family, or organization sponsoring some aspect of a resource, e.g., funding research, sponsoring an event",http://id.loc.gov/vocabulary/relators/spn,spn,Sponsoring body,Other,MARC Code List for Relators Scheme
role_ill,Illustrator,"A person, family, or organization contributing to a resource by supplementing the primary content with drawings, diagrams, photographs, etc. If the work is primarily the artistic content created by this entity, use artist or photographer",http://id.loc.gov/vocabulary/relators/ill,ill,"",Contributor,MARC Code List for Relators Scheme
role_rbr,Rubricator,"A person or organization responsible for parts of a work, often headings or opening parts of a manuscript, that appear in a distinctive color, usually red",http://id.loc.gov/vocabulary/relators/rbr,rbr,"","",MARC Code List for Relators Scheme
role_lgd,Lighting designer,"A person or organization who designs the lighting scheme for a theatrical presentation, entertainment, motion picture, etc.",http://id.loc.gov/vocabulary/relators/lgd,lgd,"","",MARC Code List for Relators Scheme
role_ptf,Plaintiff,A person or organization who brings a suit in a civil proceeding,http://id.loc.gov/vocabulary/relators/ptf,ptf,"",Other,MARC Code List for Relators Scheme
role_let,Libelee-appellant,A libelee who takes an appeal from one ecclesiastical court or admiralty to another to reverse the judgment,http://id.loc.gov/vocabulary/relators/let,let,"","",MARC Code List for Relators Scheme
role_cas,Caster,"A person, family, or organization involved in manufacturing a resource by pouring a liquid or molten substance into a mold and leaving it to solidify to take the shape of the mold",http://id.loc.gov/vocabulary/relators/cas,cas,"","",MARC Code List for Relators Scheme
role_mod,Moderator,"A performer contributing to a resource by leading a program (often broadcast) where topics are discussed, usually with participation of experts in fields related to the discussion",http://id.loc.gov/vocabulary/relators/mod,mod,"",Contributor,MARC Code List for Relators Scheme
role_abr,Abridger,"A person, family, or organization contributing to a resource by shortening or condensing the original work but leaving the nature and content of the original work substantially unchanged. For substantial modifications that result in the creation of a new work, see author",http://id.loc.gov/vocabulary/relators/abr,abr,"",Contributor,MARC Code List for Relators Scheme
role_wpr,Writer of preface,"A person, family, or organization contributing to a resource by providing a preface to the original work",http://id.loc.gov/vocabulary/relators/wpr,wpr,"",Contributor,MARC Code List for Relators Scheme
role_mfp,Manufacture place,"The place of manufacture (e.g., printing, duplicating, casting, etc.) of a resource in a published form",http://id.loc.gov/vocabulary/relators/mfp,mfp,"","",MARC Code List for Relators Scheme
role_spk,Speaker,"A performer contributing to a resource by speaking words, such as a lecture, speech, etc. ",http://id.loc.gov/vocabulary/relators/spk,spk,"",Contributor,MARC Code List for Relators Scheme
role_dte,Dedicatee,"A person, family, or organization to whom a resource is dedicated",http://id.loc.gov/vocabulary/relators/dte,dte,Dedicatee of item,Other,MARC Code List for Relators Scheme
role_dub,Dubious author,A person or organization to which authorship has been dubiously or incorrectly ascribed,http://id.loc.gov/vocabulary/relators/dub,dub,"","",MARC Code List for Relators Scheme
role_osp,Onscreen presenter,"A performer contributing to an expression of a work by appearing on screen in nonfiction moving image materials or introductions to fiction moving image materials to provide contextual or background information. Use when another term (e.g., narrator, host) is either not applicable or not desired",http://id.loc.gov/vocabulary/relators/osp,osp,"",Contributor,MARC Code List for Relators Scheme
role_pma,Permitting agency,An organization (usually a government agency) that issues permits under which work is accomplished,http://id.loc.gov/vocabulary/relators/pma,pma,"","",MARC Code List for Relators Scheme
role_ato,Autographer,A person whose manuscript signature appears on an item,http://id.loc.gov/vocabulary/relators/ato,ato,"",Other,MARC Code List for Relators Scheme
role_rev,Reviewer,"A person or organization responsible for the review of a book, motion picture, performance, etc.",http://id.loc.gov/vocabulary/relators/rev,rev,"","",MARC Code List for Relators Scheme
role_aft,"Author of afterword, colophon, etc.","A person or organization responsible for an afterword, postface, colophon, etc. but who is not the chief author of a work",http://id.loc.gov/vocabulary/relators/aft,aft,"","",MARC Code List for Relators Scheme
role_own,Owner,"A person, family, or organization that currently owns an item or collection, i.e.has legal possession of a resource",http://id.loc.gov/vocabulary/relators/own,own,Current owner,Owner,MARC Code List for Relators Scheme
role_led,Lead,"A person or organization that takes primary responsibility for a particular activity or endeavor. May be combined with another relator term or code to show the greater importance this person or organization has regarding that particular role. If more than one relator is assigned to a heading, use the Lead relator only if it applies to all the relators",http://id.loc.gov/vocabulary/relators/led,led,"","",MARC Code List for Relators Scheme
role_coe,Contestant-appellee,A contestant against whom an appeal is taken from one court of law or jurisdiction to another to reverse the judgment,http://id.loc.gov/vocabulary/relators/coe,coe,"","",MARC Code List for Relators Scheme
role_dfd,Defendant,A person or organization who is accused in a criminal proceeding or sued in a civil proceeding,http://id.loc.gov/vocabulary/relators/dfd,dfd,"",Other,MARC Code List for Relators Scheme
role_elg,Electrician,"A person responsible for setting up a lighting rig and focusing the lights for a production, and running the lighting at a performance",http://id.loc.gov/vocabulary/relators/elg,elg,Chief electrician|House electrician|Master electrician,"",MARC Code List for Relators Scheme
role_red,Redaktor,A person or organization who writes or develops the framework for an item without being intellectually responsible for its content,http://id.loc.gov/vocabulary/relators/red,red,"","",MARC Code List for Relators Scheme
role_pre,Presenter,"A person or organization mentioned in an “X presents” credit for moving image materials and who is associated with production, finance, or distribution in some way.  A vanity credit;  in early years, normally the head of a studio",http://id.loc.gov/vocabulary/relators/pre,pre,"",Contributor,MARC Code List for Relators Scheme
role_pfr,Proofreader,"A person who corrects printed matter. For manuscripts, use Corrector [crr]",http://id.loc.gov/vocabulary/relators/pfr,pfr,"","",MARC Code List for Relators Scheme
role_bdd,Binding designer,"A person or organization responsible for the binding design of a book, including the type of binding, the type of materials used, and any decorative aspects of the binding",http://id.loc.gov/vocabulary/relators/bdd,bdd,Designer of binding,"",MARC Code List for Relators Scheme
role_orm,Organizer,"A person, family, or organization organizing the exhibit, event, conference, etc., which gave rise to a resource",http://id.loc.gov/vocabulary/relators/orm,orm,Organizer of meeting,Other,MARC Code List for Relators Scheme
role_lbr,Laboratory,An organization that provides scientific analyses of material samples,http://id.loc.gov/vocabulary/relators/lbr,lbr,"","",MARC Code List for Relators Scheme
role_ive,Interviewee,"A person, family or organization responsible for creating or contributing to a resource by responding to an interviewer, usually a reporter, pollster, or some other information gathering agent",http://id.loc.gov/vocabulary/relators/ive,ive,"",Creator,MARC Code List for Relators Scheme
role_sll,Seller,A former owner of an item who sold that item to another owner,http://id.loc.gov/vocabulary/relators/sll,sll,"",Owner,MARC Code List for Relators Scheme
role_auc,Auctioneer,"A person or organization in charge of the estimation and public auctioning of goods, particularly books, artistic works, etc.",http://id.loc.gov/vocabulary/relators/auc,auc,"","",MARC Code List for Relators Scheme
role_mte,Metal-engraver,"An engraver responsible for decorations, illustrations, letters, etc. cut on a metal surface for printing or decoration",http://id.loc.gov/vocabulary/relators/mte,mte,"","",MARC Code List for Relators Scheme
role_cmm,Commentator,"A performer contributing to a work by providing interpretation, analysis, or a discussion of the subject matter on a recording, film, or other audiovisual medium",http://id.loc.gov/vocabulary/relators/cmm,cmm,"",Contributor,MARC Code List for Relators Scheme
role_com,Compiler,"A person, family, or organization responsible for creating a new work (e.g., a bibliography, a directory) through the act of compilation, e.g., selecting, arranging, aggregating, and editing data, information, etc",http://id.loc.gov/vocabulary/relators/com,com,"",Creator,MARC Code List for Relators Scheme
role_cos,Contestant,"A person(s) or organization who opposes, resists, or disputes, in a court of law, a claim, decision, result, etc.",http://id.loc.gov/vocabulary/relators/cos,cos,"","",MARC Code List for Relators Scheme
role_lie,Libelant-appellee,A libelant against whom an appeal is taken from one ecclesiastical court or admiralty to another to reverse the judgment,http://id.loc.gov/vocabulary/relators/lie,lie,"","",MARC Code List for Relators Scheme
role_prt,Printer,"A person, family, or organization involved in manufacturing a manifestation of printed text, notated music, etc., from type or plates, such as a book, newspaper, magazine, broadside, score, etc",http://id.loc.gov/vocabulary/relators/prt,prt,"","",MARC Code List for Relators Scheme
role_lel,Libelee,A person or organization against whom a libel has been filed in an ecclesiastical court or admiralty,http://id.loc.gov/vocabulary/relators/lel,lel,"","",MARC Code List for Relators Scheme
role_scr,Scribe,"A person who is an amanuensis and for a writer of manuscripts proper. For a person who makes pen-facsimiles, use Facsimilist [fac]",http://id.loc.gov/vocabulary/relators/scr,scr,"","",MARC Code List for Relators Scheme
role_art,Artist,"A person, family, or organization responsible for creating a work by conceiving, and implementing, an original graphic design, drawing, painting, etc. For book illustrators, prefer Illustrator [ill]",http://id.loc.gov/vocabulary/relators/art,art,Graphic technician,Creator,MARC Code List for Relators Scheme
role_dbp,Distribution place,"A place from which a resource, e.g., a serial, is distributed",http://id.loc.gov/vocabulary/relators/dbp,dbp,"","",MARC Code List for Relators Scheme
role_pht,Photographer,"A person, family, or organization responsible for creating a photographic work",http://id.loc.gov/vocabulary/relators/pht,pht,"",Creator,MARC Code List for Relators Scheme
role_pop,Printer of plates,A person or organization who prints illustrations from plates.,http://id.loc.gov/vocabulary/relators/pop,pop,"Plates, printer of","",MARC Code List for Relators Scheme
role_egr,Engraver,"A person or organization who cuts letters, figures, etc. on a surface, such as a wooden or metal plate used for printing",http://id.loc.gov/vocabulary/relators/egr,egr,"","",MARC Code List for Relators Scheme
role_ctg,Cartographer,"A person, family, or organization responsible for creating a map, atlas, globe, or other cartographic work",http://id.loc.gov/vocabulary/relators/ctg,ctg,"",Creator,MARC Code List for Relators Scheme
role_arc,Architect,"A person, family, or organization responsible for creating an architectural design, including a pictorial representation intended to show how a building, etc., will look when completed. It also oversees the construction of structures",http://id.loc.gov/vocabulary/relators/arc,arc,"",Creator,MARC Code List for Relators Scheme
role_bpd,Bookplate designer,A person or organization responsible for the design of a book owner's identification label that is most commonly pasted to the inside front cover of a book,http://id.loc.gov/vocabulary/relators/bpd,bpd,"","",MARC Code List for Relators Scheme
role_wat,Writer of added text,"A person, family, or organization contributing to a non-textual resource by providing text for the non-textual work (e.g., writing captions for photographs, descriptions of maps).",http://id.loc.gov/vocabulary/relators/wat,wat,"",Contributor,MARC Code List for Relators Scheme
role_lee,Libelee-appellee,A libelee against whom an appeal is taken from one ecclesiastical court or admiralty to another to reverse the judgment,http://id.loc.gov/vocabulary/relators/lee,lee,"","",MARC Code List for Relators Scheme
role_rsr,Restorationist,"A person, family, or organization responsible for the set of technical, editorial, and intellectual procedures aimed at compensating for the degradation of an item by bringing it back to a state as close as possible to its original condition",http://id.loc.gov/vocabulary/relators/rsr,rsr,"",Other,MARC Code List for Relators Scheme
role_wam,Writer of accompanying material,A person or organization who writes significant material which accompanies a sound recording or other audiovisual material,http://id.loc.gov/vocabulary/relators/wam,wam,"","",MARC Code List for Relators Scheme
role_cng,Cinematographer,"A person in charge of photographing a motion picture, who plans the technical aspets of lighting and photographing of scenes, and often assists the director in the choice of angles, camera setups, and lighting moods. He or she may also supervise the further processing of filmed material up to the completion of the work print. Cinematographer is also referred to as director of photography. Do not confuse with videographer",http://id.loc.gov/vocabulary/relators/cng,cng,Director of photography,Other,MARC Code List for Relators Scheme
role_ppt,Puppeteer,"A performer contributing to a resource by manipulating, controlling, or directing puppets or marionettes in a moving image production or a musical or dramatic presentation or entertainment",http://id.loc.gov/vocabulary/relators/ppt,ppt,"",Contributor,MARC Code List for Relators Scheme
role_ren,Renderer,"A person or organization who prepares drawings of architectural designs (i.e., renderings) in accurate, representational perspective to show what the project will look like when completed",http://id.loc.gov/vocabulary/relators/ren,ren,"","",MARC Code List for Relators Scheme
role_cts,Contestee,"A person(s) or organization defending a claim, decision, result, etc. being opposed, resisted, or disputed in a court of law",http://id.loc.gov/vocabulary/relators/cts,cts,"","",MARC Code List for Relators Scheme
role_fld,Field director,A person or organization that manages or supervises the work done to collect raw data or do research in an actual setting or environment (typically applies to the natural and social sciences),http://id.loc.gov/vocabulary/relators/fld,fld,"","",MARC Code List for Relators Scheme
role_oth,Other,A role that has no equivalent in the MARC list.,http://id.loc.gov/vocabulary/relators/oth,oth,"",Other,MARC Code List for Relators Scheme
role_dsr,Designer,"A person, family, or organization responsible for creating a design for an object",http://id.loc.gov/vocabulary/relators/dsr,dsr,"",Creator,MARC Code List for Relators Scheme
role_bkp,Book producer,A person or organization responsible for the production of books and other print media,http://id.loc.gov/vocabulary/relators/bkp,bkp,Producer of book,"",MARC Code List for Relators Scheme
role_cpe,Complainant-appellee,"A complainant against whom an appeal is taken from one court or jurisdiction to another to reverse the judgment, usually in an equity proceeding",http://id.loc.gov/vocabulary/relators/cpe,cpe,"","",MARC Code List for Relators Scheme
role_acp,Art copyist,"A person (e.g., a painter or sculptor) who makes copies of works of visual art",http://id.loc.gov/vocabulary/relators/acp,acp,"","",MARC Code List for Relators Scheme
role_fds,Film distributor,"A person, family, or organization involved in distributing a moving image resource to theatres or other distribution channels",http://id.loc.gov/vocabulary/relators/fds,fds,"","",MARC Code List for Relators Scheme
role_cpl,Complainant,"A person or organization who applies to the courts for redress, usually in an equity proceeding",http://id.loc.gov/vocabulary/relators/cpl,cpl,"","",MARC Code List for Relators Scheme
role_rpc,Radio producer,A producer responsible for most of the business aspects of a radio program,http://id.loc.gov/vocabulary/relators/rpc,rpc,"",Other,MARC Code List for Relators Scheme
role_mon,Monitor,"A person or organization that supervises compliance with the contract and is responsible for the report and controls its distribution. Sometimes referred to as the grantee, or controlling agency",http://id.loc.gov/vocabulary/relators/mon,mon,"","",MARC Code List for Relators Scheme
role_fmd,Film director,A director responsible for the general management and supervision of a filmed performance,http://id.loc.gov/vocabulary/relators/fmd,fmd,"",Other,MARC Code List for Relators Scheme
role_mrb,Marbler,"The entity responsible for marbling paper, cloth, leather, etc. used in construction of a resource",http://id.loc.gov/vocabulary/relators/mrb,mrb,"","",MARC Code List for Relators Scheme
role_cte,Contestee-appellee,A contestee against whom an appeal is taken from one court or jurisdiction to another to reverse the judgment,http://id.loc.gov/vocabulary/relators/cte,cte,"","",MARC Code List for Relators Scheme
role_flm,Film editor,"A person who, following the script and in creative cooperation with the Director, selects, arranges, and assembles the filmed material, controls the synchronization of picture and sound, and participates in other post-production tasks such as sound mixing and visual effects processing.  Today, picture editing is often performed digitally.",http://id.loc.gov/vocabulary/relators/flm,flm,Motion picture editor,"",MARC Code List for Relators Scheme
role_blw,Blurb writer,"A person or organization responsible for writing a commendation or testimonial for a work, which appears on or within the publication itself, frequently on the back or dust jacket of print publications or on advertising material for all media",http://id.loc.gov/vocabulary/relators/blw,blw,"","",MARC Code List for Relators Scheme
role_mfr,Manufacturer,"A person or organization responsible for printing, duplicating, casting, etc. a resource",http://id.loc.gov/vocabulary/relators/mfr,mfr,"","",MARC Code List for Relators Scheme
role_cmp,Composer,"A person, family, or organization responsible for creating or contributing to a musical resource by adding music to a work that originally lacked it or supplements it",http://id.loc.gov/vocabulary/relators/cmp,cmp,"",Creator,MARC Code List for Relators Scheme
role_his,Host institution,"An organization hosting the event, exhibit, conference, etc., which gave rise to a resource, but having little or no responsibility for the content of the resource",http://id.loc.gov/vocabulary/relators/his,his,"",Other,MARC Code List for Relators Scheme
role_inv,Inventor,"A person, family, or organization responsible for creating a new device or process",http://id.loc.gov/vocabulary/relators/inv,inv,Patent inventor,Creator,MARC Code List for Relators Scheme
role_tcd,Technical director,"A person who is ultimately in charge of scenery, props, lights and sound for a production",http://id.loc.gov/vocabulary/relators/tcd,tcd,"","",MARC Code List for Relators Scheme
role_crr,Corrector,"A person or organization who is a corrector of manuscripts, such as the scriptorium official who corrected the work of a scribe. For printed matter, use Proofreader",http://id.loc.gov/vocabulary/relators/crr,crr,"","",MARC Code List for Relators Scheme
role_aui,"Author of introduction, etc.","A person or organization responsible for an introduction, preface, foreword, or other critical introductory matter, but who is not the chief author",http://id.loc.gov/vocabulary/relators/aui,aui,"","",MARC Code List for Relators Scheme
role_elt,Electrotyper,A person or organization who creates a duplicate printing surface by pressure molding and electrodepositing of metal that is then backed up with lead for printing,http://id.loc.gov/vocabulary/relators/elt,elt,"","",MARC Code List for Relators Scheme
role_crp,Correspondent,A person or organization who was either the writer or recipient of a letter or other communication,http://id.loc.gov/vocabulary/relators/crp,crp,"","",MARC Code List for Relators Scheme
role_prm,Printmaker,"A person or organization who makes a relief, intaglio, or planographic printing surface",http://id.loc.gov/vocabulary/relators/prm,prm,"","",MARC Code List for Relators Scheme
role_sce,Scenarist,"A person or organization who is the author of a motion picture screenplay, generally the person who wrote the scenarios for a motion picture during the silent era",http://id.loc.gov/vocabulary/relators/sce,sce,"","",MARC Code List for Relators Scheme
role_stn,Standards body,An organization responsible for the development or enforcement of a standard,http://id.loc.gov/vocabulary/relators/stn,stn,"","",MARC Code List for Relators Scheme
role_pat,Patron,"A person or organization responsible for commissioning a work. Usually a patron uses his or her means or influence to support the work of artists, writers, etc. This includes those who commission and pay for individual works",http://id.loc.gov/vocabulary/relators/pat,pat,"","",MARC Code List for Relators Scheme
role_adp,Adapter,"A person or organization who 1) reworks a musical composition, usually for a different medium, or 2) rewrites novels or stories for motion pictures or other audiovisual medium.",http://id.loc.gov/vocabulary/relators/adp,adp,"","",MARC Code List for Relators Scheme
role_aqt,Author in quotations or text abstracts,"A person or organization whose work is largely quoted or extracted in works to which he or she did not contribute directly. Such quotations are found particularly in exhibition catalogs, collections of photographs, etc.",http://id.loc.gov/vocabulary/relators/aqt,aqt,"","",MARC Code List for Relators Scheme
role_wal,Writer of added lyrics,"A writer of words added to an expression of a musical work. For lyric writing in collaboration with a composer to form an original work, see lyricist",http://id.loc.gov/vocabulary/relators/wal,wal,"",Contributor,MARC Code List for Relators Scheme
role_prc,Process contact,"A person or organization primarily responsible for performing or initiating a process, such as is done with the collection of metadata sets",http://id.loc.gov/vocabulary/relators/prc,prc,"","",MARC Code List for Relators Scheme
role_sec,Secretary,"A person or organization who is a recorder, redactor, or other person responsible for expressing the views of a organization",http://id.loc.gov/vocabulary/relators/sec,sec,"","",MARC Code List for Relators Scheme
role_arr,Arranger,"A person, family, or organization contributing to a musical work by rewriting the composition for a medium of performance different from that for which the work was originally intended, or modifying the work for the same medium of performance, etc., such that the musical substance of the original composition remains essentially unchanged. For extensive modification that effectively results in the creation of a new musical work, see composer",http://id.loc.gov/vocabulary/relators/arr,arr,Arranger of music,Contributor,MARC Code List for Relators Scheme
role_cph,Copyright holder,"A person or organization to whom copy and legal rights have been granted or transferred for the intellectual content of a work. The copyright holder, although not necessarily the creator of the work, usually has the exclusive right to benefit financially from the sale and use of the work to which the associated copyright protection applies",http://id.loc.gov/vocabulary/relators/cph,cph,"","",MARC Code List for Relators Scheme
role_lyr,Lyricist,"An author of the words of a non-dramatic musical work (e.g. the text of a song), except for oratorios",http://id.loc.gov/vocabulary/relators/lyr,lyr,"",Creator,MARC Code List for Relators Scheme
role_scl,Sculptor,"An artist responsible for creating a three-dimensional work by modeling, carving, or similar technique",http://id.loc.gov/vocabulary/relators/scl,scl,"",Creator,MARC Code List for Relators Scheme
role_cpc,Copyright claimant,"A person or organization listed as a copyright owner at the time of registration. Copyright can be granted or later transferred to another person or organization, at which time the claimant becomes the copyright holder",http://id.loc.gov/vocabulary/relators/cpc,cpc,"","",MARC Code List for Relators Scheme
role_org,Originator,"A person or organization performing the work, i.e., the name of a person or organization associated with the intellectual content of the work. This category does not include the publisher or personal affiliation, or sponsor except where it is also the corporate author",http://id.loc.gov/vocabulary/relators/org,org,"","",MARC Code List for Relators Scheme
role_lit,Libelant-appellant,A libelant who takes an appeal from one ecclesiastical court or admiralty to another to reverse the judgment,http://id.loc.gov/vocabulary/relators/lit,lit,"","",MARC Code List for Relators Scheme
role_opn,Opponent,A person or organization responsible for opposing a thesis or dissertation,http://id.loc.gov/vocabulary/relators/opn,opn,"","",MARC Code List for Relators Scheme
role_jud,Judge,A person who hears and decides on legal matters in court.,http://id.loc.gov/vocabulary/relators/jud,jud,"",Other,MARC Code List for Relators Scheme
role_anl,Analyst,"A person or organization that reviews, examines and interprets data or information in a specific area",http://id.loc.gov/vocabulary/relators/anl,anl,"","",MARC Code List for Relators Scheme
